CellID,eNB_ID,Sector,Site_Name,Lat,Lon,Azimuth,Tilt,Height,Band,EARFCN,PCI,Tech
10101,1010,1,MUSCAT_CBD_1,23.5880,58.3829,0,6,30,B3,1300,42,LTE
10102,1010,2,MUSCAT_CBD_1,23.5880,58.3829,120,6,30,B3,1300,43,LTE
10103,1010,3,MUSCAT_CBD_1,23.5880,58.3829,240,6,30,B3,1300,44,LTE
10201,1020,1,MUSCAT_RDC_2,23.5950,58.3920,10,6,30,B7,3050,51,LTE
10202,1020,2,MUSCAT_RDC_2,23.5950,58.3920,130,6,30,B7,3050,52,LTE
10203,1020,3,MUSCAT_RDC_2,23.5950,58.3920,250,6,30,B7,3050,53,LTE
10301,1030,1,MUSCAT_GRN_3,23.5810,58.3760,30,6,30,n78,627980,61,NR
10302,1030,2,MUSCAT_GRN_3,23.5810,58.3760,150,6,30,n78,627980,62,NR
10303,1030,3,MUSCAT_GRN_3,23.5810,58.3760,270,6,30,n78,627980,63,NR
